Pages les plus populaires,Clics,Impressions,CTR,Position
https://tattoosmap.com/gallery/virgin-mary-tattoo-design-95ft,6,3838,0.16%,36.16
https://tattoosmap.com/gallery/skeletal-court-jester-holding-a,3,2243,0.13%,35.59
https://tattoosmap.com/gallery/virgin-mary-skeleton-tattoo-design,2,557,0.36%,52.92
https://tattoosmap.com/,2,354,0.56%,50.1
https://tattoosmap.com/gallery/split-tiger-and-hannya-mask,1,3032,0.03%,43.44
https://tattoosmap.com/gallery,1,809,0.12%,51.1
https://tattoosmap.com/blog/best-temporary-tattoo-paper-ranked-2026-7nlo,1,363,0.28%,53.76
https://tattoosmap.com/blog/laser-tattoo-removal-blisters-why-theyre-a-good-sign-not-a-problem,1,82,1.22%,34.4
https://tattoosmap.com/blog/best-soap-for-tattoo-aftercare-what-to-use-so-you-dont-irritate-your-ink-1cqp,0,1872,0%,21.64
https://tattoosmap.com/gallery/hindu-goddess-kali-face-with,0,657,0%,42.85
https://tattoosmap.com/blog/blowout-what-it-is-why-it-happens-and-what-you-can-do,0,561,0%,41.59
https://tattoosmap.com/blog/best-tattoo-film-second-skin-wrap-ranked-2026-2027-stop-the-panic-vng5,0,534,0%,56.28
https://tattoosmap.com/gallery/samurai-cat-tattoo-design,0,518,0%,49.47
https://tattoosmap.com/gallery/japanese-samurai-cat-with-kabuto,0,450,0%,50.49
https://tattoosmap.com/blog/q-switch-laser-tattoo-removal-the-budget-workhorse-honestly-assessed,0,395,0%,61.16
https://tattoosmap.com/blog/the-best-tattoo-aftercare-lotion-ranked-2026-y94n,0,356,0%,45.24
https://tattoosmap.com/blog/best-tattoo-stencil-paper-ranked-2026-hifg,0,287,0%,44.62
https://tattoosmap.com/blog/tattoo-pain-chart-every-placement-rated-honestly,0,264,0%,72.19
https://tattoosmap.com/blog/tattoo-allergy-how-to-spot-one-and-what-to-do-about-it,0,222,0%,51.43
https://tattoosmap.com/gallery/frog-flash-tattoo-design,0,185,0%,57.54
https://tattoosmap.com/gallery/blackwork-coiled-serpent-and-stippled-dagger-tattoo-design,0,170,0%,65.93
https://tattoosmap.com/gallery/snake-head-tattoo-design,0,147,0%,50.22
https://tattoosmap.com/blog/best-tattoo-ink-ranked-by-longevity-and-color-saturation-2026-kitj,0,138,0%,50.08
https://tattoosmap.com/meaning/japanese-tattoo,0,130,0%,59.52
https://tattoosmap.com/blog/tattoo-removal-what-each-phase-actually-looks-like,0,114,0%,48.49
https://tattoosmap.com/blog/best-tattoo-removal-laser-picoway-vs-picosure-vs-q-switch-a903,0,107,0%,60.14
https://tattoosmap.com/blog/best-tattoo-needles-ranked-2026-yzxp,0,92,0%,42.9
https://tattoosmap.com/gallery/butterfly-tattoo-design-eh6k,0,82,0%,61.05
https://tattoosmap.com/gallery/traditional-stippled-dagger-piercing-blooming-rose-tattoo,0,77,0%,77.62
https://tattoosmap.com/blog/infection-how-to-catch-it-early-and-what-to-do-0s1w,0,76,0%,65.33
https://tattoosmap.com/meaning/medusa-tattoo,0,71,0%,66.08
https://tattoosmap.com/meaning/snake-tattoo,0,66,0%,56.06
https://tattoosmap.com/blog/best-numbing-cream-for-tattoos-ranked-2026-s12z,0,53,0%,61.64
https://tattoosmap.com/blog/tattoo-removal-before-and-after-what-results-actually-look-like-2026,0,49,0%,61.8
https://tattoosmap.com/blog/white-ink-tattoos-why-they-fade-and-what-to-expect,0,46,0%,60.43
https://tattoosmap.com/meaning/blackwork-tattoo,0,42,0%,74.24
https://tattoosmap.com/gallery/daisy-and-tulip-with-bandage,0,40,0%,54.23
https://tattoosmap.com/gallery/cherry-blossom-heart-tattoo-design,0,39,0%,53.82
https://tattoosmap.com/meaning/neo-traditional-tattoo,0,36,0%,50.19
https://tattoosmap.com/artists,0,29,0%,57.86
https://tattoosmap.com/gallery/blackwork-stippled-scorpion-with-delicate-hearts-tattoo,0,29,0%,72.45
https://tattoosmap.com/blog/best-tattoo-grip-supply-accessories-in-ranked-2026-luhf,0,27,0%,54.93
https://tattoosmap.com/blog/infection-how-to-catch-it-early-and-what-to-do,0,27,0%,57.56
https://tattoosmap.com/blog,0,20,0%,48
https://tattoosmap.com/blog/tattoo-removal-scars-will-laser-leave-a-mark,0,17,0%,57.18
https://tattoosmap.com/blog/best-tattoo-machine-for-beginners-ranked-2026-atal,0,14,0%,43.86
https://tattoosmap.com/blog/best-soap-for-tattoo-aftercare-what-artists-actually-recommend-h7bv,0,13,0%,47
https://tattoosmap.com/meaning/dragon-tattoo,0,12,0%,50.33
https://tattoosmap.com/gallery/traditional-soaring-eagle-with-stippled-feathers-tattoo,0,11,0%,52.73
https://tattoosmap.com/blog/best-tattoo-sunscreen-ranked-2026-qd5o,0,11,0%,69
https://tattoosmap.com/meaning/fine-line-tattoo,0,11,0%,88.18
https://tattoosmap.com/meaning/semicolon-tattoo,0,10,0%,61.7
https://tattoosmap.com/gallery/butterfly-tattoo-design-cpli,0,9,0%,67.67
https://tattoosmap.com/try-on,0,8,0%,9
https://tattoosmap.com/blog/best-tattoo-books-ranked-2026-2027-elevate-your-craft-58ol,0,7,0%,43
https://tattoosmap.com/gallery/sakura-lips-tattoo-design,0,7,0%,76.43
https://tattoosmap.com/products,0,6,0%,38
https://tattoosmap.com/blog/best-green-soap-for-tattoos-59li,0,3,0%,51.33
https://tattoosmap.com/blog/best-numbing-cream-for-tattoos-ranked-2026,0,1,0%,43
https://tattoosmap.com/blog/best-black-tattoo-ink-that-wont-heal-grey-kyqj,0,1,0%,51
https://tattoosmap.com/meaning/lotus-tattoo,0,1,0%,62
https://tattoosmap.com/meaning/traditional-tattoo,0,1,0%,71
https://tattoosmap.com/blog/best-rotary-tattoo-machine-that-wont-wreck-your-wrist-w2mh,0,1,0%,77
https://tattoosmap.com/blog/does-tattoo-removal-cream-work-the-honest-unprofitable-answer,0,1,0%,195